file,pmr,chjh
table1 (10).png,,
table1 (11).png,,
table1 (12).png,,
table1 (13).png,,
table1 (14).png,,
table1 (15).png,,
table1 (16).png,,
table1 (17).png,,
table1 (18) cont.png,,
table1 (18).png,,
table1 (19).png,,
table1 (20).png,,
table1 (21).png,,
table1 (22).png,,
table1 (23).png,,
table1 (24).png,,
table1 (25).png,,
table1 (26) cont1.png,,
table1 (26) cont2.png,,
table1 (26).png,,
table1 (27).png,,
table1 (28).png,,
table1 (29).png,,
table1 (2).png,,
table1 (30).png,,
table1 (31).png,,
table1 (32) cont1.png,,
table1 (32) cont2.png,,
table1 (32).png,,
table1 (33).png,,
table1 (34).png,,
table1 (35).png,,
table1 (36).png,,
table1 (37).png,,
table1 (38).png,,
table1 (39).png,,
table1 (3).png,,
table1 (40).png,,
table1 (41).png,,
table1 (42).png,,
table1 (43).png,,
table1 (44).png,,
table1 (45).png,,
table1 (46).png,,
table1 (47).png,,
table1 (48).png,,
table1 (49).png,,
table1 (4).png,,
table1 (50).png,,
table1 (51).png,,
table1 (52).png,,
table1 (53).png,,
table1 (54).png,,
table1 (5).png,,
table1 (6).png,,
table1 (7).png,,
table1 (8).png,,
table1 (9).png,,
table1.png,,
table2 (10).png,,
table2 (11).png,,
table2 (12).png,,
table2 (13).png,,
table2 (14).png,,
table2 (15).png,,
table2 (16).png,,
table2 (17).png,,
table2 (18).png,,
table2 (19).png,,
table2 (20).png,,
table2 (21).png,,
table2 (22).png,,
table2 (23).png,,
table2 (24) cont.png,,
table2 (24).png,,
table2 (25).png,,
table2 (26).png,,
table2 (27).png,,
table2 (28).png,,
table2 (29).png,,
table2 (2).png,,
table2 (30).png,,
table2 (31).png,,
table2 (32).png,,
table2 (33).png,,
table2 (34).png,,
table2 (35).png,,
table2 (36) cont.png,,
table2 (36).png,,
table2 (37).png,,
table2 (38).png,,
table2 (39).png,,
table2 (3).png,,
table2 (40).png,,
table2 (41).png,,
table2 (4).png,,
table2 (5) cont.png,,
table2 (5).png,,
table2 (6).png,,
table2 (7).png,,
table2 (8).png,,
table2 (9).png,,
table2.png,,
table3 (10).png,,
table3 (11).png,,
table3 (12).png,,
table3 (13).png,,
table3 (14).png,,
table3 (15).png,,
table3 (16).png,,
table3 (17).png,,
table3 (18).png,,
table3 (19).png,,
table3 (20).png,,
table3 (21).png,,
table3 (22).png,,
table3 (23).png,,
table3 (24).png,,
table3 (25).png,,
table3 (26).png,,
table3 (27).png,,
table3 (28).png,,
table3 (29) cont.png,,
table3 (29).png,,
table3 (2).png,,
table3 (30).png,,
table3 (31).png,,
table3 (32).png,,
table3 (3).png,,
table3 (4).png,,
table3 (5).png,,
table3 (6) cont.png,,
table3 (6).png,,
table3 (7).png,,
table3 (8).png,,
table3 (9).png,,
table3.png,,
table4 (10).png,,
table4 (11).png,,
table4 (12).png,,
table4 (13).png,,
table4 (14).png,,
table4 (15).png,,
table4 (16).png,,
table4 (17).png,,
table4 (18).png,,
table4 (19).png,,
table4 (20).png,,
table4 (21) cont.png,,
table4 (21).png,,
table4 (22) cont.png,,
table4 (22).png,,
table4 (23).png,,
table4 (2).png,,
table4 (3).png,,
table4 (4).png,,
table4 (5).png,,
table4 (6).png,,
table4 (7).png,,
table4 (8).png,,
table4 (9).png,,
table4.png,,
table5 (10).png,,
table5 (11).png,,
table5 (2).png,,
table5 (3).png,,
table5 (4).png,,
table5 (5).png,,
table5 (6).png,,
table5 (7).png,,
table5 (8).png,,
table5 (9).png,,
table5.png,,
table6 (2).png,,
table6 (3).png,,
table6.png,,
table7 (2).png,,
table7.png,,
table8.png,,
table9.png,,
