table;coding_pmr;coding_chjh
table11.png;;
table1cont1.png;;
table1cont1.png~;;
table1cont1.png.~1~;;
table1cont1.png.~2~;;
table1cont1.png.~3~;;
table1cont1.png.~4~;;
table1cont2.png;;
table1cont2.png~;;
table1cont2.png.~1~;;
table1cont2.png.~2~;;
table1cont2.png.~3~;;
table1cont2.png.~4~;;
table1cont.png;;
table1cont.png~;;
table1cont.png.~1~;;
table1cont.png.~2~;;
table1.png;q;
table1.png~;;
table1.png.~10~;I;
table1.png.~100~;;
table1.png.~101~;;
table1.png.~102~;;
table1.png.~103~;;
table1.png.~104~;;
table1.png.~105~;;
table1.png.~106~;;
table1.png.~107~;;
table1.png.~108~;;
table1.png.~11~;I;
table1.png.~12~;I;
table1.png.~13~;I;
table1.png.~14~;I;
table1.png.~15~;I;
table1.png.~16~;I;
table1.png.~17~;I;
table1.png.~18~;I;
table1.png.~19~;I;
table1.png.~2~;I;
table1.png.~20~;I;
table1.png.~21~;I;
table1.png.~22~;I;
table1.png.~23~;I;
table1.png.~24~;I;
table1.png.~25~;I;
table1.png.~26~;I;
table1.png.~27~;I;
table1.png.~28~;I;
table1.png.~29~;I;
table1.png.~3~;q;
table1.png.~30~;I;
table1.png.~31~;I;
table1.png.~32~;I;
table1.png.~33~;q;
table1.png.~34~;I;
table1.png.~35~;I;
table1.png.~36~;I;
table1.png.~37~;I;
table1.png.~38~;I;
table1.png.~39~;q;
table1.png.~4~;I;
table1.png.~40~;I;
table1.png.~41~;q;
table1.png.~42~;I;
table1.png.~43~;I;
table1.png.~44~;I;
table1.png.~45~;I;
table1.png.~46~;I;
table1.png.~47~;I;
table1.png.~48~;I;
table1.png.~49~;I;
table1.png.~5~;I;
table1.png.~50~;I;
table1.png.~51~;I;
table1.png.~52~;I;
table1.png.~53~;I;
table1.png.~54~;I;
table1.png.~55~;I;
table1.png.~56~;I;
table1.png.~57~;I;
table1.png.~58~;I;
table1.png.~59~;I;
table1.png.~6~;I;
table1.png.~60~;I;
table1.png.~61~;I;
table1.png.~62~;q;
table1.png.~63~;I;
table1.png.~64~;I;
table1.png.~65~;I;
table1.png.~66~;I;
table1.png.~67~;I;
table1.png.~68~;I;
table1.png.~69~;I;
table1.png.~7~;I;
table1.png.~70~;I;
table1.png.~71~;I;
table1.png.~72~;I;
table1.png.~73~;I;
table1.png.~74~;I;
table1.png.~75~;I;
table1.png.~76~;I;
table1.png.~77~;I;
table1.png.~78~;I;
table1.png.~79~;I;
table1.png.~8~;I;
table1.png.~80~;I;
table1.png.~81~;I;
table1.png.~82~;I;
table1.png.~83~;I;
table1.png.~84~;I;
table1.png.~85~;I;
table1.png.~86~;I;
table1.png.~87~;q;
table1.png.~88~;q;
table1.png.~89~;I;
table1.png.~9~;I;
table1.png.~90~;I;
table1.png.~91~;I;
table1.png.~92~;I;
table1.png.~93~;;
table1.png.~94~;;
table1.png.~95~;;
table1.png.~96~;;
table1.png.~97~;;
table1.png.~98~;;
table1.png.~99~;;
table2cont.png;;
table2cont.png~;;
table2cont.png.~1~;;
table2cont.png.~2~;;
table2cont.png.~3~;;
table2cont.png.~4~;;
table2cont.png.~5~;;
table2cont.png.~6~;;
table2.png;;
table2.png~;;
table2.png.~1~;;
table2.png.~10~;;
table2.png.~11~;;
table2.png.~12~;;
table2.png.~13~;;
table2.png.~14~;;
table2.png.~15~;;
table2.png.~16~;;
table2.png.~17~;;
table2.png.~18~;;
table2.png.~19~;;
table2.png.~2~;;
table2.png.~20~;;
table2.png.~21~;;
table2.png.~22~;;
table2.png.~23~;;
table2.png.~24~;;
table2.png.~25~;;
table2.png.~26~;;
table2.png.~27~;;
table2.png.~28~;;
table2.png.~29~;;
table2.png.~3~;;
table2.png.~30~;;
table2.png.~31~;;
table2.png.~32~;;
table2.png.~33~;;
table2.png.~34~;;
table2.png.~35~;;
table2.png.~36~;;
table2.png.~37~;;
table2.png.~38~;;
table2.png.~39~;;
table2.png.~4~;;
table2.png.~40~;;
table2.png.~41~;;
table2.png.~42~;;
table2.png.~43~;;
table2.png.~44~;;
table2.png.~45~;;
table2.png.~46~;;
table2.png.~47~;;
table2.png.~48~;;
table2.png.~49~;;
table2.png.~5~;;
table2.png.~50~;;
table2.png.~51~;;
table2.png.~52~;;
table2.png.~53~;;
table2.png.~54~;;
table2.png.~55~;;
table2.png.~56~;;
table2.png.~57~;;
table2.png.~58~;;
table2.png.~59~;;
table2.png.~6~;;
table2.png.~60~;;
table2.png.~61~;;
table2.png.~62~;;
table2.png.~63~;;
table2.png.~64~;;
table2.png.~65~;;
table2.png.~66~;;
table2.png.~67~;;
table2.png.~68~;;
table2.png.~69~;;
table2.png.~7~;;
table2.png.~70~;;
table2.png.~71~;;
table2.png.~72~;;
table2.png.~73~;;
table2.png.~74~;;
table2.png.~75~;;
table2.png.~76~;;
table2.png.~77~;;
table2.png.~78~;;
table2.png.~79~;;
table2.png.~8~;;
table2.png.~80~;;
table2.png.~81~;;
table2.png.~82~;;
table2.png.~9~;;
table3cont.png;;
table3cont.png~;;
table3cont.png.~1~;;
table3cont.png.~2~;;
table3cont.png.~3~;;
table3cont.png.~4~;;
table3.png;;
table3.png~;;
table3.png.~1~;;
table3.png.~10~;;
table3.png.~11~;;
table3.png.~12~;;
table3.png.~13~;;
table3.png.~14~;;
table3.png.~15~;;
table3.png.~16~;;
table3.png.~17~;;
table3.png.~18~;;
table3.png.~19~;;
table3.png.~2~;;
table3.png.~20~;;
table3.png.~21~;;
table3.png.~22~;;
table3.png.~23~;;
table3.png.~24~;;
table3.png.~25~;;
table3.png.~26~;;
table3.png.~27~;;
table3.png.~28~;;
table3.png.~29~;;
table3.png.~3~;;
table3.png.~30~;;
table3.png.~31~;;
table3.png.~32~;;
table3.png.~33~;;
table3.png.~34~;;
table3.png.~35~;;
table3.png.~36~;;
table3.png.~37~;;
table3.png.~38~;;
table3.png.~39~;;
table3.png.~4~;;
table3.png.~40~;;
table3.png.~41~;;
table3.png.~42~;;
table3.png.~43~;;
table3.png.~44~;;
table3.png.~45~;;
table3.png.~46~;;
table3.png.~47~;;
table3.png.~48~;;
table3.png.~49~;;
table3.png.~5~;;
table3.png.~50~;;
table3.png.~51~;;
table3.png.~52~;;
table3.png.~53~;;
table3.png.~54~;;
table3.png.~55~;;
table3.png.~56~;;
table3.png.~57~;;
table3.png.~58~;;
table3.png.~59~;;
table3.png.~6~;;
table3.png.~60~;;
table3.png.~61~;;
table3.png.~62~;;
table3.png.~63~;;
table3.png.~64~;;
table3.png.~7~;;
table3.png.~8~;;
table3.png.~9~;;
table4cont.png;;
table4cont.png~;;
table4cont.png.~1~;;
table4cont.png.~2~;;
table4cont.png.~3~;;
table4cont.png.~4~;;
table4.png;;
table4.png~;;
table4.png.~1~;;
table4.png.~10~;;
table4.png.~11~;;
table4.png.~12~;;
table4.png.~13~;;
table4.png.~14~;;
table4.png.~15~;;
table4.png.~16~;;
table4.png.~17~;;
table4.png.~18~;;
table4.png.~19~;;
table4.png.~2~;;
table4.png.~20~;;
table4.png.~21~;;
table4.png.~22~;;
table4.png.~23~;;
table4.png.~24~;;
table4.png.~25~;;
table4.png.~26~;;
table4.png.~27~;;
table4.png.~28~;;
table4.png.~29~;;
table4.png.~3~;;
table4.png.~30~;;
table4.png.~31~;;
table4.png.~32~;;
table4.png.~33~;;
table4.png.~34~;;
table4.png.~35~;;
table4.png.~36~;;
table4.png.~37~;;
table4.png.~38~;;
table4.png.~39~;;
table4.png.~4~;;
table4.png.~40~;;
table4.png.~41~;;
table4.png.~42~;;
table4.png.~43~;;
table4.png.~44~;;
table4.png.~45~;;
table4.png.~46~;;
table4.png.~5~;;
table4.png.~6~;;
table4.png.~7~;;
table4.png.~8~;;
table4.png.~9~;;
table5.png;;
table5.png~;;
table5.png.~1~;;
table5.png.~10~;;
table5.png.~11~;;
table5.png.~12~;;
table5.png.~13~;;
table5.png.~14~;;
table5.png.~15~;;
table5.png.~16~;;
table5.png.~17~;;
table5.png.~18~;;
table5.png.~19~;;
table5.png.~2~;;
table5.png.~20~;;
table5.png.~21~;;
table5.png.~22~;;
table5.png.~3~;;
table5.png.~4~;;
table5.png.~5~;;
table5.png.~6~;;
table5.png.~7~;;
table5.png.~8~;;
table5.png.~9~;;
table6.png;;
table6.png~;;
table6.png.~1~;;
table6.png.~2~;;
table6.png.~3~;;
table6.png.~4~;;
table6.png.~5~;;
table6.png.~6~;;
table7.png;;
table7.png~;;
table7.png.~1~;;
table7.png.~2~;;
table7.png.~3~;;
table7.png.~4~;;
table8.png;;
table8.png~;;
table8.png.~1~;;
table8.png.~2~;;
table9.png;;
table9.png~;;
table9.png.~1~;;
table9.png.~2~;;
